scenario,seed,calls,completion_s,max_path_error_m,rms_path_error_m,mode_changes,p50_ms,p95_ms,p99_ms,max_ms,period_overruns,mean_allocations,peak_allocations,planning_calls,planning_p95_ms,planning_mean_allocations,evaluated_rollouts,feasible_rollouts,fallback_updates,waiting_calls,safety_reductions,min_measured_clearance_m
straight,1,36,3.5,0.0547800331,0.019807167,0,21.864678,31.295918,31.353956,31.353956,0,56.0833333,113,21,31.295918,94.2380952,17115,12672,0,0,0,
straight,7,39,3.8,0.0560789229,0.0192347611,0,23.407164,32.413901,32.820925,32.820925,0,56.6153846,113,23,32.413901,94.1304348,18745,14109,0,0,0,
straight,42,37,3.6,0.0560514683,0.0206484356,0,21.693169,30.025027,31.989265,31.989265,0,54.6486486,113,21,30.025027,94.2380952,17115,12766,0,0,0,
straight,73,36,3.5,0.0541753244,0.0194638135,0,23.262848,30.608869,31.61815,31.61815,0,53.5833333,113,20,30.608869,94.3,16300,12015,0,0,0,
straight,101,39,3.8,0.0578454247,0.019845335,0,23.417986,37.310923,38.182142,38.182142,0,56.5897436,113,23,37.310923,94.0869565,18745,14200,1,0,0,
lateral,1,74,7.3,0.169465194,0.104085201,1,0.010796,25.538274,30.306751,30.306751,0,43.8378378,117,35,28.183017,89.4857143,24841,15877,56,0,0,
lateral,7,148,14.7,0.0552534869,0.0413392385,2,0.008543,20.637448,22.983675,23.386999,0,29.4054054,115,45,22.95339,90.2888889,33975,21748,73,0,0,
lateral,42,85,8.4,0.260149554,0.167410948,1,0.012419,21.41908,23.415893,23.415893,0,41.4588235,117,38,23.409714,89.1578947,27532,18507,74,0,0,
lateral,73,116,11.5,0.173136755,0.117663043,1,0.008814,24.210744,28.509587,28.796677,0,34.362069,117,42,27.492913,89.7380952,30874,19923,72,0,0,
lateral,101,87,8.6,0.13667612,0.0892332656,1,0.008383,23.079519,26.218093,26.218093,0,35.4942529,117,33,24.583803,88.8181818,23293,14687,57,0,0,
curve,1,65,6.4,0.0842517707,0.0595232963,2,0.007972,32.255952,36.126061,36.126061,0,43.0923077,117,27,35.105341,99.1481481,21923,16065,2,0,0,
curve,7,69,6.8,0.102800901,0.067749608,2,0.007702,28.605591,29.51934,29.51934,0,42.3188406,117,28,29.122305,99.5714286,22820,16807,3,0,0,
curve,42,72,7.1,0.0896560499,0.0613303295,2,0.008202,29.091298,30.569604,30.569604,0,43.0138889,117,30,30.357306,98.8333333,24368,18204,4,0,0,
curve,73,70,6.9,0.0948584623,0.062198663,2,0.008132,29.390013,30.662779,30.662779,0,43.0857143,117,29,30.466946,99.5172414,23635,17420,1,0,0,
curve,101,68,6.7,0.0864439374,0.0620192651,2,0.008352,28.92853,30.781166,30.781166,0,44.25,117,29,29.61561,99.4482759,23635,17475,1,0,0,
spin,1,44,4.3,5.8553367e-17,3.98065583e-17,1,0.005728,0.007721,0.008462,0.008462,0,2.31818182,16,0,0,0,0,0,0,0,0,
spin,7,44,4.3,5.8553367e-17,3.98065583e-17,1,0.005488,0.007702,0.008213,0.008213,0,2.31818182,16,0,0,0,0,0,0,0,0,
spin,42,44,4.3,5.8553367e-17,3.98065583e-17,1,0.005959,0.007982,0.017275,0.017275,0,2.31818182,16,0,0,0,0,0,0,0,0,
spin,73,44,4.3,5.8553367e-17,3.98065583e-17,1,0.005368,0.007671,0.007952,0.007952,0,2.31818182,16,0,0,0,0,0,0,0,0,
spin,101,44,4.3,5.8553367e-17,3.98065583e-17,1,0.005989,0.010345,0.068232,0.068232,0,2.31818182,16,0,0,0,0,0,0,0,0,
reverse,1,36,3.5,0.0575851472,0.0207877397,0,21.155145,29.412756,30.588897,30.588897,0,56.0833333,113,21,29.412756,94.2380952,17115,12745,0,0,0,
reverse,7,37,3.6,0.0557268042,0.0207540618,0,22.018538,28.022483,95.682182,95.682182,0,54.6486486,113,21,28.022483,94.2380952,17115,12660,0,0,0,
reverse,42,39,3.8,0.0551439212,0.0189667922,0,22.618607,30.011363,30.249805,30.249805,0,56.6153846,113,23,30.011363,94.1304348,18745,14192,0,0,0,
reverse,73,37,3.6,0.0523997175,0.0185293859,0,22.296605,28.800539,29.528008,29.528008,0,54.6486486,113,21,28.800539,94.2380952,17115,12706,0,0,0,
reverse,101,37,3.6,0.0560221699,0.0216915297,0,21.749886,28.643204,29.510352,29.510352,0,54.6486486,113,21,28.643204,94.2380952,17115,12729,0,0,0,
final_yaw,1,68,6.7,0.0597660321,0.0418135221,1,0.00634,27.141714,29.988829,29.988829,0,30.6323529,113,21,28.118517,94.2380952,17115,12732,0,0,0,
final_yaw,7,68,6.7,0.0571147145,0.0401642358,1,0.00645,26.983516,28.278647,28.278647,0,30.6323529,113,21,27.275664,94.2380952,17115,12681,1,0,0,
final_yaw,42,77,7.6,0.0542470779,0.0364389865,2,0.00629,27.320403,29.321943,29.321943,0,27.5064935,113,21,29.061353,94.5238095,17115,12779,2,0,0,
final_yaw,73,68,6.7,0.0553137952,0.0388450724,1,0.00634,27.416547,29.36062,29.36062,0,30.6323529,113,21,29.166771,94.2380952,17115,12616,0,0,0,
final_yaw,101,68,6.7,0.0555321686,0.0395693528,1,0.00645,29.713729,30.992777,30.992777,0,30.6470588,113,21,30.757204,94.2380952,17115,12725,0,0,0,
scurve,1,126,12.5,0.281947876,0.122665249,2,23.545697,28.464798,32.377582,33.556589,0,62.9126984,117,80,29.653239,97.5125,65200,49039,3,0,0,
scurve,7,126,12.5,0.261118075,0.120743317,2,23.785366,28.177326,29.061019,29.29473,0,62.1428571,117,79,28.643895,97.4810127,64385,47922,3,0,0,
scurve,42,127,12.6,0.243530731,0.114784871,2,23.243734,28.165699,32.776617,37.705361,0,60.9448819,118,78,29.079107,97.4487179,63570,47096,3,0,0,
scurve,73,125,12.4,0.247099283,0.116252605,2,23.332928,31.91751,37.852865,46.360018,0,61.928,118,78,34.839938,97.525641,63570,47165,1,0,0,
scurve,101,127,12.6,0.275704818,0.119920049,2,24.115367,31.670971,39.897812,42.744343,0,61.7165354,117,79,32.726411,97.443038,64385,48194,3,0,0,
cusp,1,68,6.7,0.0544238433,0.0143372148,0,22.734348,29.184183,40.407171,40.407171,0,58.8970588,113,42,30.80373,93.6190476,34230,25551,0,0,0,
cusp,7,73,7.2,0.0588389754,0.0153557328,0,23.279134,31.005983,35.373488,35.373488,0,60,113,46,31.48759,93.5652174,37490,28356,1,0,0,
cusp,42,69,6.8,0.0548994911,0.0158627175,0,23.493976,29.639376,32.944894,32.944894,0,58.0869565,113,42,30.090892,93.6190476,34230,25600,0,0,0,
cusp,73,71,7,0.0575627458,0.0148643057,0,22.448389,29.630552,29.959815,29.959815,0,60.3380282,113,45,29.68906,93.5777778,36675,27518,0,0,0,
cusp,101,72,7.1,0.0529909034,0.0138762113,0,22.896411,29.734358,32.350033,32.350033,0,59.5416667,113,45,30.570471,93.5777778,36675,27667,0,0,0,
loop,1,210,20.9,0.0595158339,0.0310398347,1,0.012909,28.212217,30.978752,35.059687,0,45.1095238,113,99,30.218172,92.3737374,77739,52230,82,0,0,
loop,7,261,26,0.0560526418,0.0297283582,1,0.009845,25.417368,29.594221,32.669492,0,38.7701149,113,104,27.657577,92.8173077,82388,55705,81,0,0,
loop,42,245,24.4,0.0550207714,0.0297623384,1,0.009464,26.303176,29.45368,31.66136,0,40.6734694,113,103,27.19311,92.6601942,81737,54826,98,0,0,
loop,73,206,20.5,0.0578800331,0.0347150146,1,0.014221,26.592701,31.505174,33.613663,0,44.5631068,113,96,28.741251,92.2395833,75212,50847,80,0,0,
loop,101,212,21.1,0.0580030131,0.0330823562,1,0.011377,25.335378,27.118519,29.745116,0,43.6839623,113,97,26.514284,91.9690722,76109,51650,76,0,0,
short_cusp,1,26,2.5,0.0572200793,0.0240565725,0,0.003715,0.004497,0.00666,0.00666,0,3.30769231,13,0,0,0,0,0,0,0,0,
short_cusp,7,26,2.5,0.0572200793,0.0240565725,0,0.003746,0.004336,0.005278,0.005278,0,3.30769231,13,0,0,0,0,0,0,0,0,
short_cusp,42,26,2.5,0.0572200793,0.0240565725,0,0.003756,0.004296,0.004848,0.004848,0,3.30769231,13,0,0,0,0,0,0,0,0,
short_cusp,73,26,2.5,0.0572200793,0.0240565725,0,0.003745,0.004256,0.004737,0.004737,0,3.30769231,13,0,0,0,0,0,0,0,0,
short_cusp,101,26,2.5,0.0572200793,0.0240565725,0,0.003766,0.004236,0.004758,0.004758,0,3.30769231,13,0,0,0,0,0,0,0,0,
short_loop,1,47,4.6,0.0571218651,0.0442955618,1,0.005719,0.009454,0.024056,0.024056,0,3.27659574,13,0,0,0,0,0,0,0,0,
short_loop,7,47,4.6,0.0571218651,0.0442955618,1,0.005659,0.009294,0.023024,0.023024,0,3.27659574,13,0,0,0,0,0,0,0,0,
short_loop,42,47,4.6,0.0571218651,0.0442955618,1,0.005568,0.010956,0.022824,0.022824,0,3.27659574,13,0,0,0,0,0,0,0,0,
short_loop,73,47,4.6,0.0571218651,0.0442955618,1,0.005498,0.022624,0.032709,0.032709,0,3.27659574,13,0,0,0,0,0,0,0,0,
short_loop,101,47,4.6,0.0571218651,0.0442955618,1,0.005488,0.009204,0.022624,0.022624,0,3.27659574,13,0,0,0,0,0,0,0,0,
short_corner,1,30,2.9,0.0579518,0.0462276627,1,0.003405,0.008383,0.02004,0.02004,0,3.4,13,0,0,0,0,0,0,0,0,
short_corner,7,30,2.9,0.0579518,0.0462276627,1,0.003445,0.007962,0.019419,0.019419,0,3.4,13,0,0,0,0,0,0,0,0,
short_corner,42,30,2.9,0.0579518,0.0462276627,1,0.003365,0.008112,0.019469,0.019469,0,3.4,13,0,0,0,0,0,0,0,0,
short_corner,73,30,2.9,0.0579518,0.0462276627,1,0.003385,0.007952,0.019139,0.019139,0,3.4,13,0,0,0,0,0,0,0,0,
short_corner,101,30,2.9,0.0579518,0.0462276627,1,0.003375,0.007892,0.019429,0.019429,0,3.4,13,0,0,0,0,0,0,0,0,
near_obstacles,1,122,12.1,0.0601952761,0.047443261,2,0.009564,41.55036,43.69012,43.802818,0,37.2786885,122,41,43.540615,99.1219512,33415,25517,2,0,0,0.112613196
near_obstacles,7,130,12.9,0.0598934943,0.0455402997,2,0.009975,43.457892,47.346585,49.399655,0,38.2461538,119,45,44.664362,99.0222222,36675,28579,6,0,0,0.116990818
near_obstacles,42,83,8.2,0.059687273,0.0450634405,1,0.011737,39.805077,42.484523,42.484523,0,45.8674699,119,36,42.388078,98.8333333,29340,22226,4,0,0,0.132691406
near_obstacles,73,140,13.9,0.0597807568,0.0445757628,2,0.010145,42.193928,48.928269,49.084495,0,40.1214286,119,51,45.652871,99.1764706,41565,32069,7,0,0,0.111322698
near_obstacles,101,169,16.8,0.0599191288,0.0472629517,4,0.010045,44.073245,47.287014,49.134965,0,38.4733728,118,59,45.647536,97.5932203,47351,35342,23,0,0,0.094666657
