scenario,seed,complete_tick,distance,yaw,stall_ticks,switches,cross_track,min_clearance,returncode
loop,2,249,0.0526593,0.00834545,12,1,0.05941,inf,0
loop,3,247,0.0514262,0.0122362,11,1,0.058403,inf,0
loop,4,208,0.0500347,0.00380623,12,1,0.055034,inf,0
loop,5,225,0.0540051,0.0105729,11,1,0.0570984,inf,0
loop,6,196,0.0560415,0.0177134,12,1,0.0593878,inf,0
loop,7,258,0.0514583,0.00402382,12,1,0.0593755,inf,0
loop,8,245,0.0499302,0.0102916,12,1,0.0585812,inf,0
loop,9,271,0.0512731,0.00794897,13,1,0.0593554,inf,0
loop,10,218,0.0558317,0.00306552,12,1,0.0591515,inf,0
loop,11,213,0.0512802,0.0210539,12,1,0.0544344,inf,0
loop,12,285,0.0522414,0.0083544,13,1,0.0590692,inf,0
loop,13,272,0.0531886,0.00387998,13,1,0.056194,inf,0
loop,14,198,0.0525871,0.0122444,12,1,0.0690153,inf,0
loop,15,317,0.0507495,0.00280052,13,1,0.0574671,inf,0
loop,16,240,0.0515966,0.016984,12,1,0.0581531,inf,0
loop,17,228,0.0544764,0.00154645,12,1,0.0576272,inf,0
loop,18,243,0.0518369,0.0105552,13,1,0.0551765,inf,0
loop,19,205,0.0562246,0.013905,13,1,0.0595942,inf,0
loop,20,290,0.0523387,0.00717691,13,1,0.0564109,inf,0
loop,21,211,0.0561858,0.00603788,11,1,0.0607369,inf,0
loop,22,211,0.0520442,0.0146443,13,1,0.0609845,inf,0
loop,23,227,0.0505194,0.0118323,12,1,0.0539772,inf,0
loop,24,191,0.0508533,0.00472069,11,1,0.0598954,inf,0
loop,25,229,0.0552746,0.0115177,13,1,0.0585244,inf,0
loop,26,285,0.0522659,0.000512467,13,1,0.0648671,inf,0
loop,27,207,0.0514042,0.0428294,12,1,0.05659,inf,0
loop,28,208,0.0511156,0.0166157,12,1,0.0593692,inf,0
loop,29,209,0.0522702,0.00850737,12,1,0.0650914,inf,0
loop,30,212,0.0498625,0.0336667,14,1,0.0587147,inf,0
loop,31,217,0.0498155,0.0259203,13,1,0.0560305,inf,0
loop,32,237,0.0546238,0.00772392,14,1,0.0577928,inf,0
loop,33,212,0.0525395,0.0207265,12,1,0.0576341,inf,0
loop,34,249,0.05001,0.0148498,11,1,0.0596665,inf,0
loop,35,246,0.056451,0.0154467,13,1,0.224419,inf,0
loop,36,222,0.0513457,0.00691513,12,1,0.0564921,inf,0
loop,37,240,0.0511674,0.0105361,13,1,0.0647563,inf,0
loop,38,244,0.050992,0.0152415,14,1,0.0577748,inf,0
loop,39,263,0.0508438,0.0105539,12,1,0.0594717,inf,0
loop,40,210,0.0541629,0.0101048,13,1,0.0595156,inf,0
loop,41,391,0.0516751,0.0215661,13,1,0.0590675,inf,0
loop,42,275,0.0524516,0.0420869,13,1,0.0553594,inf,0
loop,43,230,0.0502494,0.0162961,13,1,0.0598333,inf,0
loop,44,198,0.0520085,0.0066354,13,1,0.0577937,inf,0
loop,45,330,0.0548974,0.0197482,14,1,0.0581002,inf,0
loop,46,270,0.0507433,0.0098781,13,1,0.0587997,inf,0
loop,47,228,0.0535515,0.00143765,12,1,0.0595742,inf,0
loop,48,201,0.0504684,0.0186297,13,1,0.059099,inf,0
loop,49,202,0.0565464,0.0124519,13,1,0.0599572,inf,0
loop,50,222,0.0531283,0.0438197,13,2,0.056116,inf,0
loop,51,288,0.0510516,0.00196591,12,1,0.0568768,inf,0
loop,52,218,0.0498623,0.00857976,12,1,0.0731128,inf,0
loop,53,239,0.0523498,0.000242412,13,1,0.0589929,inf,0
loop,54,197,0.0561679,0.00989504,11,1,0.0595303,inf,0
loop,55,216,0.0535689,0.0160071,13,1,0.059515,inf,0
loop,56,224,0.0523913,0.0116774,12,1,0.055292,inf,0
loop,57,218,0.0498426,0.0165443,12,1,0.0548432,inf,0
loop,58,261,0.0515048,0.0018773,11,1,0.056336,inf,0
loop,59,205,0.0507959,0.00763388,12,1,0.0560511,inf,0
loop,60,230,0.0507472,0.00209789,13,1,0.0591415,inf,0
loop,61,234,0.0509813,0.0231603,13,1,0.0541215,inf,0
loop,62,230,0.0509455,0.0305309,13,1,0.0595567,inf,0
loop,63,242,0.054104,0.000400891,13,1,0.0585893,inf,0
loop,64,266,0.0498185,0.0209701,14,1,0.0585021,inf,0
loop,65,205,0.0521935,0.0137817,13,1,0.059496,inf,0
loop,66,253,0.0532757,0.0163102,12,1,0.0573349,inf,0
loop,67,193,0.0557413,0.045102,12,1,0.0590497,inf,0
loop,68,261,0.0565023,0.0144985,12,1,0.0683876,inf,0
loop,69,251,0.0516761,0.0269892,13,1,0.0583168,inf,0
loop,70,233,0.0554202,0.00259923,13,1,0.0586882,inf,0
loop,71,199,0.0558008,0.0154373,12,1,0.0591166,inf,0
loop,72,231,0.0563865,0.00572944,13,1,0.071035,inf,0
loop,73,233,0.0508796,0.00319576,13,1,0.0565262,inf,0
loop,74,341,0.0531961,0.00749286,13,1,0.0562439,inf,0
loop,75,233,0.0514651,0.000722688,13,1,0.0565866,inf,0
loop,76,212,0.054894,0.00822152,12,1,0.0580963,inf,0
loop,77,199,0.0510065,0.0012169,13,1,0.0717573,inf,0
loop,78,224,0.0536874,0.00157694,12,1,0.0597025,inf,0
loop,79,282,0.0514842,0.0190698,13,1,0.0561415,inf,0
loop,80,208,0.054136,0.0112456,13,1,0.0586548,inf,0
loop,81,222,0.0558195,0.00916466,12,1,0.0591377,inf,0
loop,82,209,0.0508414,7.90238e-05,11,1,0.0564155,inf,0
loop,83,223,0.0508535,0.0137871,12,1,0.0565853,inf,0
loop,84,210,0.0513309,0.0136456,13,1,0.055609,inf,0
loop,85,394,0.050805,0.00746567,13,1,0.056429,inf,0
loop,86,253,0.0529501,0.0202437,13,1,0.0591214,inf,0
loop,87,239,0.0562432,0.00527031,13,1,0.0640311,inf,0
loop,88,243,0.0511325,0.0367962,13,1,0.0573978,inf,0
loop,89,196,0.052425,0.0231877,11,1,0.0582122,inf,0
loop,90,225,0.0502554,0.00713814,12,1,0.059357,inf,0
loop,91,212,0.0507263,0.00185753,12,1,0.0572603,inf,0
loop,92,211,0.0564049,0.0206448,12,1,0.0597976,inf,0
loop,93,230,0.0506556,0.0139049,13,1,0.0650457,inf,0
loop,94,207,0.0516471,0.00753695,12,1,0.0653216,inf,0
loop,95,243,0.0519395,0.0096656,13,1,0.0591954,inf,0
loop,96,215,0.0514772,0.00186765,13,1,0.0592113,inf,0
loop,97,253,0.0541981,0.000327604,13,1,0.0579656,inf,0
loop,98,234,0.0517127,0.0120133,12,1,0.0567295,inf,0
loop,99,205,0.0544598,0.0189396,13,1,0.0576086,inf,0
loop,100,240,0.0515597,0.0412334,13,2,0.0553899,inf,0
near_obstacles,2,123,0.0557031,0.0462433,11,4,0.0594535,0.122097,0
near_obstacles,3,147,0.0513914,0.0423955,8,2,0.0595754,0.131506,0
near_obstacles,4,131,0.0538172,0.0401019,9,2,0.0597004,0.126156,0
near_obstacles,5,128,0.0555252,0.0401734,11,4,0.0591637,0.123344,0
near_obstacles,6,102,0.0363602,0.0445105,7,1,0.059512,0.12829,0
near_obstacles,8,89,0.0542326,0.0446501,10,2,0.0595462,0.111866,0
near_obstacles,9,131,0.0522961,0.0464906,9,2,0.0599025,0.109261,0
near_obstacles,10,212,0.0191219,0.0403009,7,1,0.0597378,0.135363,0
scurve,2,125,0.0527669,0.045583,9,2,0.25475,inf,0
scurve,3,124,0.0523909,0.0452855,9,2,0.24936,inf,0
scurve,4,127,0.053358,0.0449342,9,2,0.272745,inf,0
scurve,5,127,0.0522261,0.0398739,9,2,0.260944,inf,0
scurve,6,126,0.0506036,0.0402081,9,2,0.275849,inf,0
scurve,8,126,0.0510619,0.0411803,9,2,0.267971,inf,0
scurve,9,131,0.0554742,0.042719,11,2,0.270101,inf,0
scurve,10,124,0.051923,0.0411365,9,2,0.268629,inf,0
