scenario,seed,calls,completion_s,max_path_error_m,rms_path_error_m,mode_changes,p50_ms,p95_ms,p99_ms,max_ms,period_overruns,mean_allocations,peak_allocations
straight,1,39,3.8,0.0108965785,0.00654356447,0,15.007647,17.937607,18.691728,18.691728,0,3530.92308,6586
straight,7,40,3.9,0.00452012886,0.0026081089,0,14.907435,17.139921,17.731707,17.731707,0,3596.525,6606
straight,42,40,3.9,0.00117487174,0.000750435427,0,14.485456,17.19866,18.989027,18.989027,0,3606.1,6648
straight,73,39,3.8,0.00103923641,0.000440386698,0,15.45283,22.392205,22.528701,22.528701,0,3527.74359,6586
straight,101,40,3.9,0.00582937061,0.00435265806,0,15.033175,17.345752,18.365855,18.365855,0,3612.95,6604
lateral,1,83,8.2,0.195830592,0.132366974,1,0.016174,15.149862,15.647404,15.647404,0,2049.24096,6330
lateral,7,72,7.1,0.187810979,0.120067041,1,0.016475,15.166336,19.936941,19.936941,0,2267.08333,6510
lateral,42,82,8.1,0.197799315,0.135883029,1,0.016434,14.762947,16.344963,16.344963,0,2141.70732,6376
lateral,73,90,8.9,0.161465184,0.105433905,1,0.016555,16.194391,18.909306,18.909306,0,1879.7,6414
lateral,101,82,8.1,0.190377136,0.12611357,1,0.016294,15.656378,24.444568,24.444568,0,2074.19512,6346
curve,1,68,6.7,0.0473527684,0.0274804189,2,0.018608,26.680029,33.594666,33.594666,0,2591.91176,6591
curve,7,69,6.8,0.0237867055,0.0106473072,2,0.018978,20.612694,27.487145,27.487145,0,2381.17391,6683
curve,42,70,6.9,0.0541618957,0.0297590143,2,0.018598,22.856827,23.146846,23.146846,0,2601,6636
curve,73,71,7,0.0688395255,0.0383892342,2,0.019379,22.040622,24.872215,24.872215,0,2655.53521,6595
curve,101,69,6.8,0.0609423168,0.0352298703,2,0.018768,23.069208,24.845996,24.845996,0,2733.76812,6618
spin,1,45,4.4,5.89163344e-17,4.11955769e-17,1,0.015864,0.016354,0.032539,0.032539,0,13.0222222,22
spin,7,45,4.4,5.89163344e-17,4.11955769e-17,1,0.015774,0.018197,0.230819,0.230819,0,13.0222222,22
spin,42,45,4.4,5.89163344e-17,4.11955769e-17,1,0.015753,0.015954,0.0925,0.0925,0,13.0222222,22
spin,73,45,4.4,5.89163344e-17,4.11955769e-17,1,0.015734,0.018248,0.036155,0.036155,0,13.0222222,22
spin,101,45,4.4,5.89163344e-17,4.11955769e-17,1,0.015694,0.015964,0.016044,0.016044,0,13.0222222,22
reverse,1,39,3.8,0.00619576837,0.00337259092,0,15.538239,18.33601,18.836006,18.836006,0,3540.10256,6595
reverse,7,39,3.8,0.00698063508,0.00515812367,0,15.544889,18.362149,20.046201,20.046201,0,3530.69231,6604
reverse,42,38,3.7,0.00267436717,0.00190612817,0,15.711341,18.242639,19.283123,19.283123,0,3622.42105,6647
reverse,73,39,3.8,0.00334347614,0.00242582823,0,15.457766,17.795483,19.147367,19.147367,0,3533.71795,6605
reverse,101,40,3.9,0.0171140749,0.0112257685,0,15.804471,17.454347,17.848213,17.848213,0,3595.15,6608
final_yaw,1,78,7.7,0.0282362094,0.0125004336,2,0.016435,18.6464,19.980057,19.980057,0,1769.96154,6555
final_yaw,7,78,7.7,0.0157822212,0.00699155824,2,0.016074,18.106754,19.338912,19.338912,0,1778.02564,6601
final_yaw,42,75,7.4,0.0176112826,0.00792564337,2,0.021422,19.89664,20.573664,20.573664,0,1671.93333,6645
final_yaw,73,79,7.8,0.0184892034,0.00817197421,2,0.016335,16.859727,18.801213,18.801213,0,1747.46835,6578
final_yaw,101,77,7.6,0.00992662047,0.00431936685,2,0.016155,17.072268,17.454637,17.454637,0,1718.5974,6619
scurve,1,102,10.1,0.231249873,0.0931458556,2,15.445108,19.383945,20.178586,21.076315,0,3181.77451,6609
scurve,7,102,10.1,0.225536999,0.0908223913,2,0.223528,18.818319,19.299937,19.309722,0,3129.55882,6688
scurve,42,100,9.9,0.23335741,0.0906091232,2,16.544571,18.492327,19.411397,19.816549,0,3260.19,6656
scurve,73,100,9.9,0.229603205,0.0920549657,2,16.8212,23.039273,28.973326,41.59796,0,3262.39,6644
scurve,101,103,10.2,0.248912751,0.0926132741,2,15.320419,19.966506,24.117142,26.022515,0,3174.71845,6643
cusp,1,70,6.9,0.0549684121,0.0102356444,0,14.726971,16.932377,17.445082,17.445082,0,3663.81429,6593
cusp,7,71,7,0.0581176546,0.00842417755,0,14.770488,17.026068,18.522934,18.522934,0,3797.30986,6606
cusp,42,70,6.9,0.0563601226,0.00689005394,0,14.999264,17.228214,19.478063,19.478063,0,3754.62857,6648
cusp,73,70,6.9,0.0558333948,0.00677894207,0,15.086286,17.539986,24.308562,24.308562,0,3740.75714,6586
cusp,101,70,6.9,0.0549707868,0.00671562014,0,14.85188,16.619054,17.89977,17.89977,0,3839.08571,6604
loop,1,182,18.1,0.0644301171,0.039191069,1,0.017536,17.536852,22.387917,25.800719,0,2460.73626,6586
loop,7,219,21.8,0.0598815573,0.0358102861,1,0.016465,17.262296,20.712764,22.461309,0,2194.34703,6606
loop,42,177,17.6,0.0690753745,0.0393720795,1,0.017537,16.897735,18.381849,18.648277,0,2601.87571,6648
loop,73,252,25.1,0.0594216994,0.0342870654,1,0.016054,16.261022,21.083124,23.31516,0,2042.44841,6586
loop,101,210,20.9,0.198077318,0.089848477,1,0.016725,15.718612,17.341816,18.30313,0,2427.6619,6604
