scenario,seed,calls,completion_s,max_path_error_m,rms_path_error_m,mode_changes,p50_ms,p95_ms,p99_ms,max_ms,period_overruns,mean_allocations,peak_allocations,planning_calls,planning_p95_ms,planning_mean_allocations,evaluated_rollouts,feasible_rollouts,fallback_updates
straight,1,39,3.8,0.0108965785,0.00654356447,0,14.412906,17.468577,17.504111,17.504111,0,45.5384615,84,22,17.468577,78.2727273,17930,13499,0
straight,7,40,3.9,0.00452012886,0.0026081089,0,14.57409,16.900268,17.552474,17.552474,0,46.35,84,23,17.34465,78.2608696,18745,14161,0
straight,42,40,3.9,0.00117487174,0.000750435427,0,14.549102,16.614084,16.971275,16.971275,0,46.35,84,23,16.859736,78.2608696,18745,14215,1
straight,73,39,3.8,0.00103923641,0.000440386698,0,14.520739,19.041876,19.195839,19.195839,0,45.5384615,84,22,19.041876,78.2727273,17930,13532,1
straight,101,40,3.9,0.00582937061,0.00435265806,0,15.118624,17.552053,28.391711,28.391711,0,46.35,84,23,18.101975,78.2608696,18745,14356,0
lateral,1,83,8.2,0.195830592,0.132366974,1,0.01993,16.573514,20.007917,20.007917,0,30.4819277,83,33,19.863879,72.030303,22801,14724,55
lateral,7,72,7.1,0.187810979,0.120067041,1,0.015454,14.538967,16.911314,16.911314,0,33.7777778,83,32,15.914126,72.15625,22068,14132,59
lateral,42,82,8.1,0.197799315,0.135883029,1,0.015454,13.957447,14.969567,14.969567,0,31.9268293,83,34,14.899502,72.6764706,23780,15182,65
lateral,73,90,8.9,0.161465184,0.105433905,1,0.015543,15.476004,17.840179,17.840179,0,28.1666667,83,33,15.913215,71.5454545,22719,14662,60
lateral,101,82,8.1,0.190377136,0.12611357,1,0.015924,16.26685,17.289286,17.289286,0,31.0121951,83,33,17.01421,72.5151515,23047,14654,54
curve,1,68,6.7,0.0473527684,0.0274804189,2,0.032219,20.094288,28.335,28.335,0,36.3970588,88,28,22.409009,82.0714286,22820,17106,1
curve,7,69,6.8,0.0237867055,0.0106473072,2,0.016355,20.48595,28.382963,28.382963,0,33.8695652,90,26,24.080326,82.6153846,21190,15832,1
curve,42,70,6.9,0.0541618957,0.0297590143,2,0.016635,18.257481,19.366082,19.366082,0,36.6,88,29,18.486732,82.1034483,23553,17734,3
curve,73,71,7,0.0688395255,0.0383892342,2,0.016615,17.466063,27.002611,27.002611,0,37.3943662,88,30,18.206603,82.5,24450,18303,1
curve,101,69,6.8,0.0609423168,0.0352298703,2,0.016696,17.436389,17.948403,17.948403,0,38.2753623,88,30,17.793508,82.2666667,24450,18358,3
spin,1,45,4.4,5.89163344e-17,4.11955769e-17,1,0.014822,0.015404,0.033891,0.033891,0,2.11111111,7,0,0,0,0,0,0
spin,7,45,4.4,5.89163344e-17,4.11955769e-17,1,0.014792,0.015093,0.033922,0.033922,0,2.11111111,7,0,0,0,0,0,0
spin,42,45,4.4,5.89163344e-17,4.11955769e-17,1,0.014783,0.014943,0.030326,0.030326,0,2.11111111,7,0,0,0,0,0,0
spin,73,45,4.4,5.89163344e-17,4.11955769e-17,1,0.014743,0.014922,0.015012,0.015012,0,2.11111111,7,0,0,0,0,0,0
spin,101,45,4.4,5.89163344e-17,4.11955769e-17,1,0.014742,0.015063,0.027291,0.027291,0,2.11111111,7,0,0,0,0,0,0
reverse,1,39,3.8,0.00619576837,0.00337259092,0,14.586589,16.495125,16.94793,16.94793,0,45.5384615,84,22,16.495125,78.2727273,17930,13589,0
reverse,7,39,3.8,0.00698063508,0.00515812367,0,14.67374,16.583169,16.731032,16.731032,0,45.5384615,84,22,16.583169,78.2727273,17930,13501,0
reverse,42,38,3.7,0.00267436717,0.00190612817,0,15.286427,17.207792,18.318888,18.318888,0,46.6578947,84,22,17.207792,78.2727273,17930,13498,0
reverse,73,39,3.8,0.00334347614,0.00242582823,0,14.638277,17.4577,17.799267,17.799267,0,45.5384615,84,22,17.4577,78.2727273,17930,13486,0
reverse,101,40,3.9,0.0171140749,0.0112257685,0,14.128175,15.722908,17.920211,17.920211,0,46.35,84,23,16.056622,78.2608696,18745,14198,0
final_yaw,1,78,7.7,0.0282362094,0.0125004336,2,0.015103,17.842623,23.939373,23.939373,0,24.5128205,84,22,19.606861,79.1363636,17930,13472,1
final_yaw,7,78,7.7,0.0157822212,0.00699155824,2,0.015403,19.396663,27.856095,27.856095,0,24.2692308,84,22,22.777275,78.2727273,17930,13618,0
final_yaw,42,75,7.4,0.0176112826,0.00792564337,2,0.015093,16.204376,17.670022,17.670022,0,23.2533333,84,20,17.347755,78.8,16300,12148,2
final_yaw,73,79,7.8,0.0184892034,0.00817197421,2,0.015143,16.778483,23.415331,23.415331,0,24.0506329,84,22,19.426673,78.4545455,17930,13464,1
final_yaw,101,77,7.6,0.00992662047,0.00431936685,2,0.015363,16.694497,18.307225,18.307225,0,23.5714286,84,21,17.498843,78.2857143,17115,12913,1
scurve,1,102,10.1,0.231249873,0.0931458556,2,13.953832,17.529609,19.295905,20.606953,0,44.0588235,90,52,18.472906,82.8846154,42298,30415,6
scurve,7,102,10.1,0.225536999,0.0908223913,2,0.018008,16.609077,19.799733,24.966256,0,43.3235294,90,51,17.0406,82.9803922,41483,30023,7
scurve,42,100,9.9,0.23335741,0.0906091232,2,14.362139,17.067,19.17697,19.303722,0,44.72,90,52,17.57637,82.6153846,42380,30663,6
scurve,73,100,9.9,0.229603205,0.0920549657,2,14.485345,16.727216,18.267765,18.68715,0,44.76,90,52,17.64305,82.6923077,42380,30807,4
scurve,101,103,10.2,0.248912751,0.0926132741,2,14.410172,17.136034,18.552075,19.111872,0,43.5339806,88,52,17.70235,82.5576923,42380,30938,3
cusp,1,70,6.9,0.0549684121,0.0102356444,0,14.744838,17.571904,19.276301,19.276301,0,47.2285714,84,41,17.81405,78.1463415,33415,25130,1
cusp,7,71,7,0.0581176546,0.00842417755,0,14.47492,16.150634,20.833175,20.833175,0,48.7042254,84,43,17.001711,78.1395349,35045,26563,2
cusp,42,70,6.9,0.0563601226,0.00689005394,0,14.796756,17.711365,20.118374,20.118374,0,48.2857143,84,42,17.872578,78.1428571,34230,25718,0
cusp,73,70,6.9,0.0558333948,0.00677894207,0,14.880583,17.17981,18.955806,18.955806,0,48.2857143,84,42,17.26558,78.1428571,34230,25564,0
cusp,101,70,6.9,0.0549707868,0.00671562014,0,14.698388,16.972557,17.640717,17.640717,0,49.3571429,84,43,17.469018,78.1395349,35045,26442,0
loop,1,182,18.1,0.0644301171,0.039191069,1,0.015764,16.304787,18.461959,21.19368,0,34.8186813,84,80,16.993719,74.7375,60206,40473,78
loop,7,219,21.8,0.0598815573,0.0358102861,1,0.015644,15.064141,16.030082,16.747547,0,31.196347,84,85,15.615705,75.0352941,64527,43514,76
loop,42,177,17.6,0.0690753745,0.0393720795,1,0.018267,15.551087,16.451729,16.921879,0,36.5254237,84,82,15.806914,74.7926829,61672,41873,77
loop,73,252,25.1,0.0594216994,0.0342870654,1,0.015533,16.857722,18.827862,23.522341,0,29.234127,84,91,17.918868,75.2197802,69253,46466,105
loop,101,210,20.9,0.198077318,0.089848477,1,0.015694,16.798633,17.896144,18.162135,0,34.247619,84,90,17.175242,75.3666667,68520,46152,85
